{
  "learningRate": 0.09,
  "inputLayer": {
    "inputNodes": 4,
    "outputNodes": 4,
    "weights": [
      [
        36.11375542249503,
        12.75751498577449,
        -70.17971097734318,
        13.04478443039397
      ],
      [
        35.70547993950596,
        13.249015965591608,
        -69.03186787818265,
        12.599338511813079
      ],
      [
        35.47553628497366,
        12.232760371449801,
        -69.19759820635599,
        12.593508384747176
      ],
      [
        35.83782006575242,
        12.612006456838797,
        -68.65559373435022,
        13.87305803710841
      ]
    ],
    "bias": [
      [
        32.34628174660197,
        20.87851953586393,
        -0.09424339268400599,
        12.125008656165281
      ],
      [
        8.561489352991766,
        3.3333579821281316,
        3.5667524894682003,
        -0.8704893004228474
      ],
      [
        -24.042888508426945,
        -0.45030453361393274,
        11.868018662798665,
        30.719866114749507
      ],
      [
        10.710623407019385,
        2.518391457740465,
        -0.20146123843041702,
        11.639706724714625
      ]
    ]
  },
  "outputLayer": {
    "inputNodes": 4,
    "outputNodes": 1,
    "weights": [
      [
        -8.080406826657992,
        2.14397515381155,
        15.575852022933535,
        -4.251908563116081
      ]
    ],
    "bias": [
      [
        3.942559967832239,
        -4.000960506057739,
        -6.780121551561193,
        -9.890646451450806
      ]
    ]
  }
}